candidate_id,database,search_string_id,title,authors,year,venue,doi,url,abstract_available,full_text_available,candidate_relevance,workflow_stage_fit,grounding_relevance,conceptual_synthesis_relevance,empirical_evaluation,notes
arxiv:1804.02717v3,arXiv,D1_COMPOSITION_SWITCHING,DeepMimic: Example-Guided Deep Reinforcement Learning of Physics-Based Character Skills,"Peng, Xue Bin; Abbeel, Pieter; Levine, Sergey; van de Panne, Michiel",2018,arXiv,10.48550/arXiv.1804.02717,https://arxiv.org/abs/1804.02717v3,yes,yes,not_assessed,not_assessed,not_assessed,not_assessed,not_assessed,candidate-only metadata; no screening or inclusion decision; discovery_lanes=phase;reference;recovery; provenance=discovery; administrative_note=none
arxiv:1905.09808v1,arXiv,D1_COMPOSITION_SWITCHING,MCP: Learning Composable Hierarchical Control with Multiplicative Compositional Policies,"Peng, Xue Bin; Chang, Michael; Zhang, Grace; Abbeel, Pieter; Levine, Sergey",2019,arXiv,10.48550/arXiv.1905.09808,https://arxiv.org/abs/1905.09808v1,yes,yes,not_assessed,not_assessed,not_assessed,not_assessed,not_assessed,candidate-only metadata; no screening or inclusion decision; discovery_lanes=composable_policy; provenance=discovery; administrative_note=none
arxiv:2104.02180v2,arXiv,D3_FEASIBILITY_ADMISSION,AMP: Adversarial Motion Priors for Stylized Physics-Based Character Control,"Peng, Xue Bin; Ma, Ze; Abbeel, Pieter; Levine, Sergey; Kanazawa, Angjoo",2021,arXiv,10.48550/arXiv.2104.02180,https://arxiv.org/abs/2104.02180v2,yes,yes,not_assessed,not_assessed,not_assessed,not_assessed,not_assessed,candidate-only metadata; no screening or inclusion decision; discovery_lanes=motion_prior; provenance=discovery; administrative_note=none
arxiv:2108.13264v4,arXiv,D0_LEGACY_SCOPE_SEED,Deep Reinforcement Learning at the Edge of the Statistical Precipice,"Agarwal, Rishabh; Schwarzer, Max; Castro, Pablo Samuel; Courville, Aaron; Bellemare, Marc G.",2021,arXiv,10.48550/arXiv.2108.13264,https://arxiv.org/abs/2108.13264v4,yes,yes,not_assessed,not_assessed,not_assessed,not_assessed,not_assessed,candidate-only metadata; no screening or inclusion decision; discovery_lanes=evaluation; provenance=legacy_snapshot; administrative_note=none
arxiv:2201.04439v1,arXiv,D2_PHASE_RECOVERY,Real-Time Style Modelling of Human Locomotion via Feature-Wise Transformations and Local Motion Phases,"Mason, Ian; Starke, Sebastian; Komura, Taku",2022,arXiv,10.48550/arXiv.2201.04439,https://arxiv.org/abs/2201.04439v1,yes,yes,not_assessed,not_assessed,not_assessed,not_assessed,not_assessed,candidate-only metadata; no screening or inclusion decision; discovery_lanes=local_phase; provenance=discovery; administrative_note=none
arxiv:2205.01906v2,arXiv,D1_COMPOSITION_SWITCHING,ASE: Large-Scale Reusable Adversarial Skill Embeddings for Physically Simulated Characters,"Peng, Xue Bin; Guo, Yunrong; Halper, Lina; Levine, Sergey; Fidler, Sanja",2022,arXiv,10.48550/arXiv.2205.01906,https://arxiv.org/abs/2205.01906v2,yes,yes,not_assessed,not_assessed,not_assessed,not_assessed,not_assessed,candidate-only metadata; no screening or inclusion decision; discovery_lanes=skill_embedding;composition; provenance=discovery; administrative_note=none
arxiv:2208.07363v3,arXiv,D3_FEASIBILITY_ADMISSION,MoCapAct: A Multi-Task Dataset for Simulated Humanoid Control,"Wagener, Nolan; Kolobov, Andrey; Frujeri, Felipe Vieira; Loynd, Ricky; Cheng, Ching-An; Hausknecht, Matthew",2022,arXiv,10.48550/arXiv.2208.07363,https://arxiv.org/abs/2208.07363v3,yes,yes,not_assessed,not_assessed,not_assessed,not_assessed,not_assessed,candidate-only metadata; no screening or inclusion decision; discovery_lanes=dataset;control; provenance=discovery; administrative_note=none
arxiv:2303.05711v2,arXiv,D0_LEGACY_SCOPE_SEED,Learning Multimodal Bipedal Locomotion and Implicit Transitions: A Versatile Policy Approach,"Krishna, Lokesh; Nguyen, Quan",2023,arXiv,10.48550/arXiv.2303.05711,https://arxiv.org/abs/2303.05711v2,yes,yes,not_assessed,not_assessed,not_assessed,not_assessed,not_assessed,candidate-only metadata; no screening or inclusion decision; discovery_lanes=composition;switching; provenance=legacy_snapshot; administrative_note=none
arxiv:2305.02195v1,arXiv,D1_COMPOSITION_SWITCHING,CALM: Conditional Adversarial Latent Models for Directable Virtual Characters,"Tessler, Chen; Kasten, Yoni; Guo, Yunrong; Mannor, Shie; Chechik, Gal; Peng, Xue Bin",2023,arXiv,10.48550/arXiv.2305.02195,https://arxiv.org/abs/2305.02195v1,yes,yes,not_assessed,not_assessed,not_assessed,not_assessed,not_assessed,candidate-only metadata; no screening or inclusion decision; discovery_lanes=latent_skill;composition; provenance=discovery; administrative_note=none
arxiv:2305.06456v3,arXiv,D1_COMPOSITION_SWITCHING,Perpetual Humanoid Control for Real-time Simulated Avatars,"Luo, Zhengyi; Cao, Jinkun; Winkler, Alexander; Kitani, Kris; Xu, Weipeng",2023,arXiv,10.48550/arXiv.2305.06456,https://arxiv.org/abs/2305.06456v3,yes,yes,not_assessed,not_assessed,not_assessed,not_assessed,not_assessed,candidate-only metadata; no screening or inclusion decision; discovery_lanes=tracking;recovery; provenance=discovery; administrative_note=none
arxiv:2308.12751v1,arXiv,D2_PHASE_RECOVERY,Motion In-Betweening with Phase Manifolds,"Starke, Paul; Starke, Sebastian; Komura, Taku; Steinicke, Frank",2023,arXiv,10.48550/arXiv.2308.12751,https://arxiv.org/abs/2308.12751v1,yes,yes,not_assessed,not_assessed,not_assessed,not_assessed,not_assessed,candidate-only metadata; no screening or inclusion decision; discovery_lanes=phase_manifold;transition; provenance=discovery; administrative_note=none
arxiv:2309.11351v1,arXiv,D1_COMPOSITION_SWITCHING,C$\cdot$ASE: Learning Conditional Adversarial Skill Embeddings for Physics-based Characters,"Dou, Zhiyang; Chen, Xuelin; Fan, Qingnan; Komura, Taku; Wang, Wenping",2023,arXiv,10.48550/arXiv.2309.11351,https://arxiv.org/abs/2309.11351v1,yes,yes,not_assessed,not_assessed,not_assessed,not_assessed,not_assessed,candidate-only metadata; no screening or inclusion decision; discovery_lanes=conditional_skill;composition; provenance=discovery; administrative_note=none
arxiv:2310.04582v2,arXiv,D1_COMPOSITION_SWITCHING,Universal Humanoid Motion Representations for Physics-Based Control,"Luo, Zhengyi; Cao, Jinkun; Merel, Josh; Winkler, Alexander; Huang, Jing; Kitani, Kris; Xu, Weipeng",2023,arXiv,10.48550/arXiv.2310.04582,https://arxiv.org/abs/2310.04582v2,yes,yes,not_assessed,not_assessed,not_assessed,not_assessed,not_assessed,candidate-only metadata; no screening or inclusion decision; discovery_lanes=motion_representation;composition; provenance=discovery; administrative_note=none
arxiv:2310.10198v3,arXiv,D1_COMPOSITION_SWITCHING,MoConVQ: Unified Physics-Based Motion Control via Scalable Discrete Representations,"Yao, Heyuan; Song, Zhenhua; Zhou, Yuyang; Ao, Tenglong; Chen, Baoquan; Liu, Libin",2023,arXiv,10.48550/arXiv.2310.10198,https://arxiv.org/abs/2310.10198v3,yes,yes,not_assessed,not_assessed,not_assessed,not_assessed,not_assessed,candidate-only metadata; no screening or inclusion decision; discovery_lanes=discrete_motion;composition; provenance=discovery; administrative_note=none
arxiv:2403.04205v3,arXiv,D0_LEGACY_SCOPE_SEED,OGMP: Oracle Guided Multi-mode Policies for Agile and Versatile Robot Control,"Krishna, Lokesh; Sobanbabu, Nikhil; Nguyen, Quan",2024,arXiv,10.48550/arXiv.2403.04205,https://arxiv.org/abs/2403.04205v3,yes,yes,not_assessed,not_assessed,not_assessed,not_assessed,not_assessed,candidate-only metadata; no screening or inclusion decision; discovery_lanes=oracle;composition; provenance=legacy_snapshot; administrative_note=none
arxiv:2403.10506v2,arXiv,D0_LEGACY_SCOPE_SEED,HumanoidBench: Simulated Humanoid Benchmark for Whole-Body Locomotion and Manipulation,"Sferrazza, Carmelo; Huang, Dun-Ming; Lin, Xingyu; Lee, Youngwoon; Abbeel, Pieter",2024,arXiv,10.48550/arXiv.2403.10506,https://arxiv.org/abs/2403.10506v2,yes,yes,not_assessed,not_assessed,not_assessed,not_assessed,not_assessed,candidate-only metadata; no screening or inclusion decision; discovery_lanes=benchmark; provenance=legacy_snapshot; administrative_note=none
arxiv:2406.06005v2,arXiv,D0_LEGACY_SCOPE_SEED,WoCoCo: Learning Whole-Body Humanoid Control with Sequential Contacts,"Zhang, Chong; Xiao, Wenli; He, Tairan; Shi, Guanya",2024,arXiv,10.48550/arXiv.2406.06005,https://arxiv.org/abs/2406.06005v2,yes,yes,not_assessed,not_assessed,not_assessed,not_assessed,not_assessed,candidate-only metadata; no screening or inclusion decision; discovery_lanes=contact;sequencing; provenance=legacy_snapshot; administrative_note=none
arxiv:2406.08858v1,arXiv,D3_FEASIBILITY_ADMISSION,OmniH2O: Universal and Dexterous Human-to-Humanoid Whole-Body Teleoperation and Learning,"He, Tairan; Luo, Zhengyi; He, Xialin; Xiao, Wenli; Zhang, Chong; Zhang, Weinan; Kitani, Kris; Liu, Changliu; Shi, Guanya",2024,arXiv,10.48550/arXiv.2406.08858,https://arxiv.org/abs/2406.08858v1,yes,yes,not_assessed,not_assessed,not_assessed,not_assessed,not_assessed,candidate-only metadata; no screening or inclusion decision; discovery_lanes=retargeting;tracking; provenance=discovery; administrative_note=none
arxiv:2407.18946v1,arXiv,D2_PHASE_RECOVERY,WalkTheDog: Cross-Morphology Motion Alignment via Phase Manifolds,"Li, Peizhuo; Starke, Sebastian; Ye, Yuting; Sorkine-Hornung, Olga",2024,arXiv,10.48550/arXiv.2407.18946,https://arxiv.org/abs/2407.18946v1,yes,yes,not_assessed,not_assessed,not_assessed,not_assessed,not_assessed,candidate-only metadata; no screening or inclusion decision; discovery_lanes=phase_manifold;alignment; provenance=discovery; administrative_note=none
arxiv:2408.00776v2,arXiv,D1_COMPOSITION_SWITCHING,Contact-conditioned learning of multi-gait locomotion policies,"Ciebielski, Michal; Burgio, Federico; Khadiv, Majid",2024,arXiv,10.48550/arXiv.2408.00776,https://arxiv.org/abs/2408.00776v2,yes,yes,not_assessed,not_assessed,not_assessed,not_assessed,not_assessed,candidate-only metadata; no screening or inclusion decision; discovery_lanes=contact;multi_gait; provenance=discovery; administrative_note=none
arxiv:2409.14393v1,arXiv,D0_LEGACY_SCOPE_SEED,MaskedMimic: Unified Physics-Based Character Control Through Masked Motion Inpainting,"Tessler, Chen; Guo, Yunrong; Nabati, Ofir; Chechik, Gal; Peng, Xue Bin",2024,arXiv,10.48550/arXiv.2409.14393,https://arxiv.org/abs/2409.14393v1,yes,yes,not_assessed,not_assessed,not_assessed,not_assessed,not_assessed,candidate-only metadata; no screening or inclusion decision; discovery_lanes=reference;composition; provenance=legacy_snapshot; administrative_note=none
arxiv:2410.01030v3,arXiv,D0_LEGACY_SCOPE_SEED,Preferenced Oracle Guided Multi-mode Policies for Dynamic Bipedal Loco-Manipulation,"Ravichandar, Prashanth; Krishna, Lokesh; Sobanbabu, Nikhil; Nguyen, Quan",2024,arXiv,10.48550/arXiv.2410.01030,https://arxiv.org/abs/2410.01030v3,yes,yes,not_assessed,not_assessed,not_assessed,not_assessed,not_assessed,candidate-only metadata; no screening or inclusion decision; discovery_lanes=oracle;preference; provenance=legacy_snapshot; administrative_note=none
arxiv:2410.21229v2,arXiv,D3_FEASIBILITY_ADMISSION,HOVER: Versatile Neural Whole-Body Controller for Humanoid Robots,"He, Tairan; Xiao, Wenli; Lin, Toru; Luo, Zhengyi; Xu, Zhenjia; Jiang, Zhenyu; Kautz, Jan; Liu, Changliu; Shi, Guanya; Wang, Xiaolong; Fan, Linxi; Zhu, Yuke",2024,arXiv,10.48550/arXiv.2410.21229,https://arxiv.org/abs/2410.21229v2,yes,yes,not_assessed,not_assessed,not_assessed,not_assessed,not_assessed,candidate-only metadata; no screening or inclusion decision; discovery_lanes=whole_body_controller; provenance=discovery; administrative_note=none
arxiv:2412.13196v2,arXiv,D3_FEASIBILITY_ADMISSION,ExBody2: Advanced Expressive Humanoid Whole-Body Control,"Ji, Mazeyu; Peng, Xuanbin; Liu, Fangchen; Li, Jialong; Yang, Ge; Cheng, Xuxin; Wang, Xiaolong",2024,arXiv,10.48550/arXiv.2412.13196,https://arxiv.org/abs/2412.13196v2,yes,yes,not_assessed,not_assessed,not_assessed,not_assessed,not_assessed,candidate-only metadata; no screening or inclusion decision; discovery_lanes=retargeting;tracking; provenance=discovery; administrative_note=none
arxiv:2502.08844v1,arXiv,D0_LEGACY_SCOPE_SEED,MuJoCo Playground,"Zakka, Kevin; Tabanpour, Baruch; Liao, Qiayuan; Haiderbhai, Mustafa; Holt, Samuel; Luo, Jing Yuan; Allshire, Arthur; Frey, Erik; Sreenath, Koushil; Kahrs, Lueder A.; Sferrazza, Carmelo; Tassa, Yuval; Abbeel, Pieter",2025,arXiv,10.48550/arXiv.2502.08844,https://arxiv.org/abs/2502.08844v1,yes,yes,not_assessed,not_assessed,not_assessed,not_assessed,not_assessed,candidate-only metadata; no screening or inclusion decision; discovery_lanes=benchmark;runtime; provenance=legacy_snapshot; administrative_note=none
arxiv:2507.07356v3,arXiv,D0_LEGACY_SCOPE_SEED,UniTracker: Learning Universal Whole-Body Motion Tracker for Humanoid Robots,"Yin, Kangning; Zeng, Weishuai; Fan, Ke; Dai, Minyue; Wang, Zirui; Zhang, Qiang; Tian, Zheng; Wang, Jingbo; Pang, Jiangmiao; Zhang, Weinan",2025,arXiv,10.48550/arXiv.2507.07356,https://arxiv.org/abs/2507.07356v3,yes,yes,not_assessed,not_assessed,not_assessed,not_assessed,not_assessed,candidate-only metadata; no screening or inclusion decision; discovery_lanes=tracking; provenance=legacy_snapshot; administrative_note=none
arxiv:2508.08241v4,arXiv,D3_FEASIBILITY_ADMISSION,BeyondMimic: From Motion Tracking to Versatile Humanoid Control via Guided Diffusion,"Liao, Qiayuan; Truong, Takara E.; Huang, Xiaoyu; Gao, Yuman; Tevet, Guy; Sreenath, Koushil; Liu, C. Karen",2025,arXiv,10.48550/arXiv.2508.08241,https://arxiv.org/abs/2508.08241v4,yes,yes,not_assessed,not_assessed,not_assessed,not_assessed,not_assessed,candidate-only metadata; no screening or inclusion decision; discovery_lanes=guided_reference;control; provenance=discovery; administrative_note=none
arxiv:2509.15443v2,arXiv,D3_FEASIBILITY_ADMISSION,A Scalable Whole-body Motion Transfer via Implicit Kinodynamic Motion Retargeting,"Chen, Xingyu; Wu, Hanyu; Wu, Sikai; Zhou, Mingliang; Xiang, Diyun; Zhang, Haodong; Zhou, Yangchen; Gao, Yukang; Gu, Yi; Xu, Renjing",2025,arXiv,10.48550/arXiv.2509.15443,https://arxiv.org/abs/2509.15443v2,yes,yes,not_assessed,not_assessed,not_assessed,not_assessed,not_assessed,candidate-only metadata; no screening or inclusion decision; discovery_lanes=retargeting;kinodynamic; provenance=discovery; administrative_note=none
arxiv:2509.22442v1,arXiv,D1_COMPOSITION_SWITCHING,Learning to Ball: Composing Policies for Long-Horizon Basketball Moves,"Xu, Pei; Wu, Zhen; Wang, Ruocheng; Sarukkai, Vishnu; Fatahalian, Kayvon; Karamouzas, Ioannis; Zordan, Victor; Liu, C. Karen",2025,arXiv,10.48550/arXiv.2509.22442,https://arxiv.org/abs/2509.22442v1,yes,yes,not_assessed,not_assessed,not_assessed,not_assessed,not_assessed,candidate-only metadata; no screening or inclusion decision; discovery_lanes=policy_composition;long_horizon; provenance=discovery; administrative_note=none
arxiv:2510.02252v1,arXiv,D3_FEASIBILITY_ADMISSION,Retargeting Matters: General Motion Retargeting for Humanoid Motion Tracking,"Araujo, Joao Pedro; Ze, Yanjie; Xu, Pei; Wu, Jiajun; Liu, C. Karen",2025,arXiv,10.48550/arXiv.2510.02252,https://arxiv.org/abs/2510.02252v1,yes,yes,not_assessed,not_assessed,not_assessed,not_assessed,not_assessed,candidate-only metadata; no screening or inclusion decision; discovery_lanes=retargeting;feasibility; provenance=discovery; administrative_note=none
arxiv:2510.05070v2,arXiv,D0_LEGACY_SCOPE_SEED,ResMimic: From General Motion Tracking to Humanoid Whole-body Loco-Manipulation via Residual Learning,"Zhao, Siheng; Ze, Yanjie; Wang, Yue; Liu, C. Karen; Abbeel, Pieter; Shi, Guanya; Duan, Rocky",2025,arXiv,10.48550/arXiv.2510.05070,https://arxiv.org/abs/2510.05070v2,yes,yes,not_assessed,not_assessed,not_assessed,not_assessed,not_assessed,candidate-only metadata; no screening or inclusion decision; discovery_lanes=tracking;residual; provenance=legacy_snapshot; administrative_note=none
arxiv:2510.14454v1,arXiv,D2_PHASE_RECOVERY,Towards Adaptable Humanoid Control via Adaptive Motion Tracking,"Huang, Tao; Wang, Huayi; Ren, Junli; Yin, Kangning; Wang, Zirui; Chen, Xiao; Jia, Feiyu; Zhang, Wentao; Long, Junfeng; Wang, Jingbo; Pang, Jiangmiao",2025,arXiv,10.48550/arXiv.2510.14454,https://arxiv.org/abs/2510.14454v1,yes,yes,not_assessed,not_assessed,not_assessed,not_assessed,not_assessed,candidate-only metadata; no screening or inclusion decision; discovery_lanes=adaptive_phase;time_warp; provenance=discovery; administrative_note=none
arxiv:2510.22632v1,arXiv,D1_COMPOSITION_SWITCHING,Environment-aware Motion Matching,"Ponton, Jose Luis; Andrews, Sheldon; Andujar, Carlos; Pelechano, Nuria",2025,arXiv,10.48550/arXiv.2510.22632,https://arxiv.org/abs/2510.22632v1,yes,yes,not_assessed,not_assessed,not_assessed,not_assessed,not_assessed,candidate-only metadata; no screening or inclusion decision; discovery_lanes=motion_matching;environment; provenance=discovery; administrative_note=none
arxiv:2511.07820v4,arXiv,D0_LEGACY_SCOPE_SEED,SONIC: Supersizing Motion Tracking for Natural Humanoid Whole-Body Control,"Luo, Zhengyi; Yuan, Ye; Wang, Tingwu; Li, Chenran; Castañeda, Fernando; Chen, Sirui; Cao, Zi-Ang; Li, Jiefeng; Minor, David; Ben, Qingwei; Park, Jinhyung; Sami, David; Wang, Zi; Da, Xingye; Ding, Runyu; Hogg, Cyrus; Song, Lina; Lim, Edy; Jeong, Eugene; He, Tairan; Xue, Haoru; Xiao, Wenli; Yuen, Simon; Kautz, Jan; Chang, Yan; Iqbal, Umar; Fan, Linxi ""Jim""; Zhu, Yuke",2025,arXiv,10.48550/arXiv.2511.07820,https://arxiv.org/abs/2511.07820v4,yes,yes,not_assessed,not_assessed,not_assessed,not_assessed,not_assessed,candidate-only metadata; no screening or inclusion decision; discovery_lanes=tracking; provenance=legacy_snapshot; administrative_note=none
arxiv:2512.09423v2,arXiv,D2_PHASE_RECOVERY,FunPhase: A Periodic Functional Autoencoder for Motion Generation via Phase Manifolds,"Pegoraro, Marco; Atherton, Evan; Roy, Bruno; Khani, Aliasghar; Rampini, Arianna",2025,arXiv,10.48550/arXiv.2512.09423,https://arxiv.org/abs/2512.09423v2,yes,yes,not_assessed,not_assessed,not_assessed,not_assessed,not_assessed,candidate-only metadata; no screening or inclusion decision; discovery_lanes=phase_manifold; provenance=discovery; administrative_note=none
arxiv:2601.12799v1,arXiv,D0_LEGACY_SCOPE_SEED,FRoM-W1: Towards General Humanoid Whole-Body Control with Language Instructions,"Li, Peng; Zhuang, Zihan; Gao, Yangfan; Dong, Yi; Li, Sixian; Jiang, Changhao; Dou, Shihan; Xi, Zhiheng; Zhou, Enyu; Huang, Jixuan; Li, Hui; Gong, Jingjing; Ma, Xingjun; Gui, Tao; Wu, Zuxuan; Zhang, Qi; Huang, Xuanjing; Jiang, Yu-Gang; Qiu, Xipeng",2026,arXiv,10.48550/arXiv.2601.12799,https://arxiv.org/abs/2601.12799v1,yes,yes,not_assessed,not_assessed,not_assessed,not_assessed,not_assessed,candidate-only metadata; no screening or inclusion decision; discovery_lanes=instruction;composition; provenance=legacy_snapshot; administrative_note=none
arxiv:2601.23080v1,arXiv,D2_PHASE_RECOVERY,Robust and Generalized Humanoid Motion Tracking,"Ma, Yubiao; Yu, Han; Xie, Jiayin; Lv, Changtai; Luo, Qiang; Zhang, Chi; Yin, Yunpeng; Xing, Boyang; Ren, Xuemei; Zheng, Dongdong",2026,arXiv,10.48550/arXiv.2601.23080,https://arxiv.org/abs/2601.23080v1,yes,yes,not_assessed,not_assessed,not_assessed,not_assessed,not_assessed,candidate-only metadata; no screening or inclusion decision; discovery_lanes=tracking;recovery; provenance=discovery; administrative_note=none
arxiv:2602.13656v1,arXiv,D2_PHASE_RECOVERY,"A Kung Fu Athlete Bot That Can Do It All Day: Highly Dynamic, Balance-Challenging Motion Dataset and Autonomous Fall-Resilient Tracking","Lei, Zhongxiang; Cao, Lulu; Wang, Xuyang; Qian, Tianyi; Liu, Jinyan; Li, Xuesong",2026,arXiv,10.48550/arXiv.2602.13656,https://arxiv.org/abs/2602.13656v1,yes,yes,not_assessed,not_assessed,not_assessed,not_assessed,not_assessed,candidate-only metadata; no screening or inclusion decision; discovery_lanes=tracking;fall_recovery; provenance=discovery; administrative_note=none
arxiv:2602.15060v2,arXiv,D0_LEGACY_SCOPE_SEED,CLOT: Closed-Loop Global Motion Tracking for Whole-Body Humanoid Teleoperation,"Zhu, Tengjie; Cai, Guanyu; Zhaohui, Yang; Ren, Guanzhu; Xie, Haohui; Wang, ZiRui; Wu, Junsong; Wang, Jingbo; Yang, Xiaokang; Mu, Yao; Yan, Yichao",2026,arXiv,10.48550/arXiv.2602.15060,https://arxiv.org/abs/2602.15060v2,yes,yes,not_assessed,not_assessed,not_assessed,not_assessed,not_assessed,candidate-only metadata; no screening or inclusion decision; discovery_lanes=closed_loop;tracking; provenance=legacy_snapshot; administrative_note=none
arxiv:2602.15827v2,arXiv,D1_COMPOSITION_SWITCHING,Perceptive Humanoid Parkour: Chaining Dynamic Human Skills via Motion Matching,"Wu, Zhen; Huang, Xiaoyu; Yang, Lujie; Zhang, Yuanhang; Chen, Xi; Abbeel, Pieter; Duan, Rocky; Kanazawa, Angjoo; Sferrazza, Carmelo; Shi, Guanya; Liu, C. Karen",2026,arXiv,10.48550/arXiv.2602.15827,https://arxiv.org/abs/2602.15827v2,yes,yes,not_assessed,not_assessed,not_assessed,not_assessed,not_assessed,candidate-only metadata; no screening or inclusion decision; discovery_lanes=motion_matching;skill_chain; provenance=discovery; administrative_note=none
arxiv:2602.20375v1,arXiv,D3_FEASIBILITY_ADMISSION,Generalizing from References using a Multi-Task Reference and Goal-Driven RL Framework,"Wang, Jiashun; Mungai, M. Eva; Li, He; Sleiman, Jean Pierre; Hodgins, Jessica; Farshidian, Farbod",2026,arXiv,10.48550/arXiv.2602.20375,https://arxiv.org/abs/2602.20375v1,yes,yes,not_assessed,not_assessed,not_assessed,not_assessed,not_assessed,candidate-only metadata; no screening or inclusion decision; discovery_lanes=reference;goal; provenance=discovery; administrative_note=none
arxiv:2603.03279v1,arXiv,D0_LEGACY_SCOPE_SEED,ULTRA: Unified Multimodal Control for Autonomous Humanoid Whole-Body Loco-Manipulation,"He, Xialin; Xu, Sirui; Li, Xinyao; Dong, Runpei; Bian, Liuyu; Wang, Yu-Xiong; Gui, Liang-Yan",2026,arXiv,10.48550/arXiv.2603.03279,https://arxiv.org/abs/2603.03279v1,yes,yes,not_assessed,not_assessed,not_assessed,not_assessed,not_assessed,candidate-only metadata; no screening or inclusion decision; discovery_lanes=multi_skill; provenance=legacy_snapshot; administrative_note=none
arxiv:2603.09956v2,arXiv,D3_FEASIBILITY_ADMISSION,Kinodynamic Motion Retargeting for Humanoid Locomotion via Multi-Contact Whole-Body Trajectory Optimization,"Zhang, Xiaoyu; Haener, Steven; Madabushi, Varun; Tucker, Maegan",2026,arXiv,10.48550/arXiv.2603.09956,https://arxiv.org/abs/2603.09956v2,yes,yes,not_assessed,not_assessed,not_assessed,not_assessed,not_assessed,candidate-only metadata; no screening or inclusion decision; discovery_lanes=retargeting;contact;dynamics; provenance=discovery; administrative_note=none
arxiv:2603.22201v3,arXiv,D3_FEASIBILITY_ADMISSION,Make Tracking Easy: Neural Motion Retargeting for Humanoid Whole-body Control,"Zhao, Qingrui; Yang, Kaiyue; Wang, Xiyu; Zhao, Shiqi; Lu, Yi; Zhang, Xinfang; Shen, Qiu; Long, Xiao-Xiao; Cao, Xun",2026,arXiv,10.48550/arXiv.2603.22201,https://arxiv.org/abs/2603.22201v3,yes,yes,not_assessed,not_assessed,not_assessed,not_assessed,not_assessed,candidate-only metadata; no screening or inclusion decision; discovery_lanes=retargeting;dynamics; provenance=discovery; administrative_note=none
arxiv:2603.27756v2,arXiv,D2_PHASE_RECOVERY,Heracles: Bridging Precise Tracking and Generative Synthesis for General Humanoid Control,"Tao, Zelin; Su, Zeran; Liu, Peiran; Sun, Jingkai; Que, Wenqiang; Ma, Jiahao; Yu, Jialin; Cao, Jiahang; Sun, Pihai; Liang, Hao; Han, Gang; Zhao, Wen; Xu, Zhiyuan; Tang, Jian; Zhang, Qiang; Guo, Yijie",2026,arXiv,10.48550/arXiv.2603.27756,https://arxiv.org/abs/2603.27756v2,yes,yes,not_assessed,not_assessed,not_assessed,not_assessed,not_assessed,candidate-only metadata; no screening or inclusion decision; discovery_lanes=state_conditioned_reference; provenance=discovery; administrative_note=none
arxiv:2604.01064v1,arXiv,D1_COMPOSITION_SWITCHING,BAT: Balancing Agility and Stability via Online Policy Switching for Long-Horizon Whole-Body Humanoid Control,"Baek, Donghoon; Kim, Sang-Hun; Ha, Sehoon",2026,arXiv,10.48550/arXiv.2604.01064,https://arxiv.org/abs/2604.01064v1,yes,yes,not_assessed,not_assessed,not_assessed,not_assessed,not_assessed,candidate-only metadata; no screening or inclusion decision; discovery_lanes=policy_switching;long_horizon; provenance=discovery; administrative_note=none
arxiv:2604.14834v1,arXiv,D1_COMPOSITION_SWITCHING,Switch: Learning Agile Skills Switching for Humanoid Robots,"Lau, Yuen-Fui; Zhao, Qihan; Wang, Yinhuai; Yu, Runyi; Tsui, Hok Wai; Chen, Qifeng; Tan, Ping",2026,arXiv,10.48550/arXiv.2604.14834,https://arxiv.org/abs/2604.14834v1,yes,yes,not_assessed,not_assessed,not_assessed,not_assessed,not_assessed,candidate-only metadata; no screening or inclusion decision; discovery_lanes=skill_graph;switching; provenance=discovery; administrative_note=none
arxiv:2604.17335v2,arXiv,D0_LEGACY_SCOPE_SEED,Learning Whole-Body Humanoid Locomotion via Motion Generation and Motion Tracking,"Zhang, Zewei; Wen, Kehan; Xu, Michael; He, Junzhe; Li, Chenhao; Miki, Takahiro; Schwarke, Clemens; Zhang, Chong; Peng, Xue Bin; Hutter, Marco",2026,arXiv,10.48550/arXiv.2604.17335,https://arxiv.org/abs/2604.17335v2,yes,yes,not_assessed,not_assessed,not_assessed,not_assessed,not_assessed,candidate-only metadata; no screening or inclusion decision; discovery_lanes=generation;tracking; provenance=legacy_snapshot; administrative_note=none
arxiv:2604.21355v2,arXiv,D1_COMPOSITION_SWITCHING,RPG: Robust Policy Gating for Smooth Multi-Skill Transitions in Humanoid Fighting,"Xin, Yucheng; Bao, Jiacheng; Dong, Yubo; Wang, Xueqian; Zhao, Bin; Li, Xuelong; Tan, Junbo; Wang, Dong",2026,arXiv,10.48550/arXiv.2604.21355,https://arxiv.org/abs/2604.21355v2,yes,yes,not_assessed,not_assessed,not_assessed,not_assessed,not_assessed,candidate-only metadata; no screening or inclusion decision; discovery_lanes=policy_gating;transition; provenance=discovery; administrative_note=none
arxiv:2604.22911v1,arXiv,D2_PHASE_RECOVERY,RecoverFormer: End-to-End Contact-Aware Recovery for Humanoid Robots,"Liu, Zihui",2026,arXiv,10.48550/arXiv.2604.22911,https://arxiv.org/abs/2604.22911v1,yes,yes,not_assessed,not_assessed,not_assessed,not_assessed,not_assessed,candidate-only metadata; no screening or inclusion decision; discovery_lanes=contact;recovery; provenance=discovery; administrative_note=none
arxiv:2606.03476v1,arXiv,D3_FEASIBILITY_ADMISSION,Human2Humanoid: Physics-Aware Cross-Morphology Motion Retargeting for Humanoid Robots,"Huang, Tianchen; Yuan, Feiyang; Gu, Junchi; Fang, Shurui; Zhang, Xiaohu; Wang, Yu; Gao, Wei; Zhang, Shiwu",2026,arXiv,10.48550/arXiv.2606.03476,https://arxiv.org/abs/2606.03476v1,yes,yes,not_assessed,not_assessed,not_assessed,not_assessed,not_assessed,candidate-only metadata; no screening or inclusion decision; discovery_lanes=retargeting;physics; provenance=discovery; administrative_note=none
arxiv:2606.10340v1,arXiv,D0_LEGACY_SCOPE_SEED,OMG: Omni-Modal Motion Generation for Generalist Humanoid Control,"Huang, Siqiao; Lee, Kun-Ying; Qiao, Dongming; He, Guanqi; Wang, Zhenyu; Li, Yitang; Zhu, Shaoting; Zhao, Hang",2026,arXiv,10.48550/arXiv.2606.10340,https://arxiv.org/abs/2606.10340v1,yes,yes,not_assessed,not_assessed,not_assessed,not_assessed,not_assessed,candidate-only metadata; no screening or inclusion decision; discovery_lanes=generation;composition; provenance=legacy_snapshot; administrative_note=none
arxiv:2606.12814v1,arXiv,D2_PHASE_RECOVERY,Stubborn: A Streamlined and Unified Reinforcement Learning Framework for Robust Motion Tracking and Fall Recovery for Humanoids,"Ren, Xiao; Yang, Yuhui; Weng, Zongbiao; Liu, Zhijie; Kong, He",2026,arXiv,10.48550/arXiv.2606.12814,https://arxiv.org/abs/2606.12814v1,yes,yes,not_assessed,not_assessed,not_assessed,not_assessed,not_assessed,candidate-only metadata; no screening or inclusion decision; discovery_lanes=tracking;fall_recovery; provenance=discovery; administrative_note=none
arxiv:2606.20705v1,arXiv,D0_LEGACY_SCOPE_SEED,MotionPyramid: Hierarchical Motion Representation and Residual Interfaces,"Zhu, Gao; Xia, Zaishuo; Chen, Yubei",2026,arXiv,10.48550/arXiv.2606.20705,https://arxiv.org/abs/2606.20705v1,yes,yes,not_assessed,not_assessed,not_assessed,not_assessed,not_assessed,candidate-only metadata; no screening or inclusion decision; discovery_lanes=hierarchy;residual; provenance=legacy_snapshot; administrative_note=none
arxiv:2606.22998v2,arXiv,D0_LEGACY_SCOPE_SEED,TEXEDO : Test Time Scaling for Controller-aware Language-conditioned Humanoid Motion Generation,"Cao, Jianuo; Chen, Yuxin; Song, Yuzhen; Tomizuka, Masayoshi; Li, Chenran; Tian, Thomas",2026,arXiv,10.48550/arXiv.2606.22998,https://arxiv.org/abs/2606.22998v2,yes,yes,not_assessed,not_assessed,not_assessed,not_assessed,not_assessed,candidate-only metadata; no screening or inclusion decision; discovery_lanes=controller_aware;generation; provenance=legacy_snapshot; administrative_note=none
arxiv:2606.27581v1,arXiv,D0_LEGACY_SCOPE_SEED,SceneBot: Contact-Prompted General Humanoid Whole Body Tracking with Scene-Interaction,"Chen, Sirui; Zhao, Shibo; Wu, Zhen; Li, Jiaman; Shi, Guanya; Liu, C. Karen",2026,arXiv,10.48550/arXiv.2606.27581,https://arxiv.org/abs/2606.27581v1,yes,yes,not_assessed,not_assessed,not_assessed,not_assessed,not_assessed,candidate-only metadata; no screening or inclusion decision; discovery_lanes=contact;tracking; provenance=legacy_snapshot; administrative_note=none
arxiv:2607.04837v3,arXiv,D0_LEGACY_SCOPE_SEED,Athena-WBC: Capability-Aligned Policy Experts for Long-Tail Humanoid Whole-Body Control,"Jiang, Yuan; Zhang, Ningyuan; Yang, Xicun; Jiang, Yuzhi; Chen, Jie",2026,arXiv,10.48550/arXiv.2607.04837,https://arxiv.org/abs/2607.04837v3,yes,no,not_assessed,not_assessed,not_assessed,not_assessed,not_assessed,candidate-only metadata; no screening or inclusion decision; discovery_lanes=administrative_hold; provenance=legacy_snapshot; administrative_note=arXiv withdrawal banner present and current PDF unavailable; retained for audit only
arxiv:2607.06052v1,arXiv,D3_FEASIBILITY_ADMISSION,ThorArena: Benchmarking Humanoid Physical Interaction with Human Motion-Force Demonstrations,"Yu, Chenhao; Wang, Hongwu; Zhang, Weitao; Hu, Youhao; Zhang, Jiachen; Li, Gangyang; Knoll, Alois; Luo, Shaqi",2026,arXiv,10.48550/arXiv.2607.06052,https://arxiv.org/abs/2607.06052v1,yes,yes,not_assessed,not_assessed,not_assessed,not_assessed,not_assessed,candidate-only metadata; no screening or inclusion decision; discovery_lanes=benchmark;contact;force; provenance=discovery; administrative_note=none
arxiv:2607.12114v1,arXiv,D0_LEGACY_SCOPE_SEED,GaitSpan: Growing Humanoid Locomotion from Walking to Running,"Lin, Kwan-Yee; Wang, Zilin; Liu, Janelle J.; Yu, Stella X.",2026,arXiv,10.48550/arXiv.2607.12114,https://arxiv.org/abs/2607.12114v1,yes,yes,not_assessed,not_assessed,not_assessed,not_assessed,not_assessed,candidate-only metadata; no screening or inclusion decision; discovery_lanes=gait;transition; provenance=legacy_snapshot; administrative_note=none
arxiv:2607.24083v1,arXiv,D1_COMPOSITION_SWITCHING,Learning Reusable Hybrid Motion Priors for Humanoid Locomotion from Motion Imitation,"Belli, Valerio; Modugno, Valerio; Hoffman, Enrico Mingo; Amadio, Fabio",2026,arXiv,10.48550/arXiv.2607.24083,https://arxiv.org/abs/2607.24083v1,yes,yes,not_assessed,not_assessed,not_assessed,not_assessed,not_assessed,candidate-only metadata; no screening or inclusion decision; discovery_lanes=hybrid_prior;composition; provenance=discovery; administrative_note=none
arxiv:2608.02385v1,arXiv,D0_LEGACY_SCOPE_SEED,StableMimic: Smooth Human-Like Recovery for Humanoid Motion Tracking - Learning Beyond the Tracking Distribution for Structured Post-Fall Behavior,"Wu, Weihao; Huang, Ming; Liu, Ruofei; Nie, Jinglei; Guo, Shuxiang; Li, Chunying",2026,arXiv,10.48550/arXiv.2608.02385,https://arxiv.org/abs/2608.02385v1,yes,yes,not_assessed,not_assessed,not_assessed,not_assessed,not_assessed,candidate-only metadata; no screening or inclusion decision; discovery_lanes=recovery;tracking; provenance=legacy_snapshot; administrative_note=none
arxiv:2608.02653v1,arXiv,D0_LEGACY_SCOPE_SEED,Light-Loco-Parkour: Versatile Perceptive Whole-Body Locomotion via Multi-Skill Distillation,"Chen, Hongming; Li, Zhuoran; Wang, Hongxi; Hu, Jiangpeng; Li, Ziliang; Liu, Peize; Zhao, QingRui; Liu, Xuhao; Pan, Liang; Lyu, Ximin; Ma, Yuntao; Fan, Tingxiang",2026,arXiv,10.48550/arXiv.2608.02653,https://arxiv.org/abs/2608.02653v1,yes,yes,not_assessed,not_assessed,not_assessed,not_assessed,not_assessed,candidate-only metadata; no screening or inclusion decision; discovery_lanes=multi_skill;distillation; provenance=legacy_snapshot; administrative_note=none
arxiv:2608.07746v1,arXiv,D0_LEGACY_SCOPE_SEED,LUCID: Latent-Skill Unified Control via Imagined Dynamics for Long-Horizon Humanoid Loco-Manipulation,"Guo, Cheng; Ni, Mingzhe; Cangelosi, Angelo; Ajoudani, Arash",2026,arXiv,10.48550/arXiv.2608.07746,https://arxiv.org/abs/2608.07746v1,yes,yes,not_assessed,not_assessed,not_assessed,not_assessed,not_assessed,candidate-only metadata; no screening or inclusion decision; discovery_lanes=long_horizon;latent_skill; provenance=legacy_snapshot; administrative_note=none
arxiv:2608.18234v2,arXiv,D0_LEGACY_SCOPE_SEED,GigaBrain-WBC-0.5: A Behavior World Model for Robust Whole-Body Control with Environment Interaction,"Cheng, Ziyang; Tang, Tianshu; Lan, Jinxin; Chen, Xinze; Gong, Yuhan; Liu, Zhichao; Wu, Changzhong; Mao, Yahao; Deng, Zongyan; Ma, Mingxuan; Xi, Huasen; Liu, Yilong; Wu, Yutong; Wang, Xiaofeng; Wang, Yang; Ye, Yun; Huang, Guan; Jin, Xiaojie; Zhu, Zheng; Lu, Jiwen",2026,arXiv,10.48550/arXiv.2608.18234,https://arxiv.org/abs/2608.18234v2,yes,yes,not_assessed,not_assessed,not_assessed,not_assessed,not_assessed,candidate-only metadata; no screening or inclusion decision; discovery_lanes=robust;interaction; provenance=legacy_snapshot; administrative_note=none
doi:10.1111/cgf.12607,publisher record plus author manuscript,D4_FOUNDATION_CHAIN,Controller Design for Multi-Skilled Bipedal Characters,Michael Firmin; Michiel van de Panne,2015,Computer Graphics Forum,10.1111/cgf.12607,https://doi.org/10.1111/cgf.12607,yes,yes,not_assessed,not_assessed,not_assessed,not_assessed,not_assessed,candidate-only metadata; no screening or inclusion decision; discovery_lanes=control_graph;multi_skill; open_manuscript=https://www.cs.ubc.ca/~van/papers/2015-CGF-multiskilled/2015-CGF-multiskilled.pdf
doi:10.1145/1230100.1230123,publisher record plus author manuscript,D4_FOUNDATION_CHAIN,Parametric Motion Graphs,Rachel Heck; Michael Gleicher,2007,ACM Symposium on Interactive 3D Graphics and Games,10.1145/1230100.1230123,https://doi.org/10.1145/1230100.1230123,yes,yes,not_assessed,not_assessed,not_assessed,not_assessed,not_assessed,candidate-only metadata; no screening or inclusion decision; discovery_lanes=motion_graph;parameterization; open_manuscript=https://graphics.cs.wisc.edu/Papers/2007/HG07/PMGFullPaper.pdf
doi:10.1145/1276377.1276510,publisher record plus author manuscript,D4_FOUNDATION_CHAIN,Construction and Optimal Search of Interpolated Motion Graphs,Alla Safonova; Jessica K. Hodgins,2007,ACM SIGGRAPH,10.1145/1276377.1276510,https://doi.org/10.1145/1276377.1276510,yes,yes,not_assessed,not_assessed,not_assessed,not_assessed,not_assessed,candidate-only metadata; no screening or inclusion decision; discovery_lanes=motion_graph;search; open_manuscript=https://graphics.cs.cmu.edu/projects/interpolated_motion_graphs/interpolated_motion_graphs.pdf
doi:10.1145/2366145.2366173,publisher record plus author manuscript,D4_FOUNDATION_CHAIN,"Terrain Runner: Control, Parameterization, Composition, and Planning for Highly Dynamic Motions",Libin Liu; KangKang Yin; Michiel van de Panne; Baining Guo,2012,ACM Transactions on Graphics,10.1145/2366145.2366173,https://doi.org/10.1145/2366145.2366173,yes,yes,not_assessed,not_assessed,not_assessed,not_assessed,not_assessed,candidate-only metadata; no screening or inclusion decision; discovery_lanes=control;composition;planning; open_manuscript=https://www.cs.ubc.ca/~van/papers/2012-TOG-TerrainRunner.pdf
doi:10.1145/2893476,publisher record plus author manuscript,D4_FOUNDATION_CHAIN,Guided Learning of Control Graphs for Physics-Based Characters,Libin Liu; Michiel van de Panne; KangKang Yin,2016,ACM Transactions on Graphics,10.1145/2893476,https://doi.org/10.1145/2893476,yes,yes,not_assessed,not_assessed,not_assessed,not_assessed,not_assessed,candidate-only metadata; no screening or inclusion decision; discovery_lanes=control_graph;learning; open_manuscript=https://www.cs.ubc.ca/~van/papers/2016-TOG-controlGraphs/2016-TOG-controlGraphs.pdf
doi:10.1145/3072959.3073663,publisher record plus author manuscript,D4_FOUNDATION_CHAIN,Phase-Functioned Neural Networks for Character Control,Daniel Holden; Taku Komura; Jun Saito,2017,ACM Transactions on Graphics,10.1145/3072959.3073663,https://doi.org/10.1145/3072959.3073663,yes,yes,not_assessed,not_assessed,not_assessed,not_assessed,not_assessed,candidate-only metadata; no screening or inclusion decision; discovery_lanes=phase;character_control; open_manuscript=https://www.research.ed.ac.uk/files/35467734/phasefunction.pdf
doi:10.1145/3083723,publisher record plus author manuscript,D4_FOUNDATION_CHAIN,Learning to Schedule Control Fragments for Physics-Based Characters Using Deep Q-Learning,Libin Liu; Jessica K. Hodgins,2017,ACM Transactions on Graphics,10.1145/3083723,https://doi.org/10.1145/3083723,yes,yes,not_assessed,not_assessed,not_assessed,not_assessed,not_assessed,candidate-only metadata; no screening or inclusion decision; discovery_lanes=scheduler;control_fragment; open_manuscript=https://graphics.cs.cmu.edu/wp/wp-content/uploads/2017/07/a29-liu.pdf
doi:10.1145/3386569.3392440,publisher record plus author manuscript,D4_FOUNDATION_CHAIN,Learned Motion Matching,Daniel Holden; Oussama Kanoun; Maksym Perepichka; Tiberiu Popa,2020,ACM Transactions on Graphics,10.1145/3386569.3392440,https://doi.org/10.1145/3386569.3392440,yes,yes,not_assessed,not_assessed,not_assessed,not_assessed,not_assessed,candidate-only metadata; no screening or inclusion decision; discovery_lanes=motion_matching;state_conditioning; open_manuscript=https://staticctf.ubisoft.com/J3yJr34U2pZ2Ieem48Dwy9uqj5PNUQTn/2EVXGPN6ynTrrJaaAUHmZS/060e223cce6a84e47e925105cac5e17f/Learned_Motion_Matching.pdf
doi:10.1145/3386569.3392450,publisher record plus author manuscript,D4_FOUNDATION_CHAIN,Local Motion Phases for Learning Multi-Contact Character Movements,Sebastian Starke; Yiwei Zhao; Taku Komura; Kazi Zaman,2020,ACM Transactions on Graphics,10.1145/3386569.3392450,https://doi.org/10.1145/3386569.3392450,yes,yes,not_assessed,not_assessed,not_assessed,not_assessed,not_assessed,candidate-only metadata; no screening or inclusion decision; discovery_lanes=local_phase;multi_contact; open_manuscript=https://www.ipab.inf.ed.ac.uk/cgvu/basketball.pdf
doi:10.1145/3528223.3530178,publisher record plus author manuscript,D4_FOUNDATION_CHAIN,DeepPhase: Periodic Autoencoders for Learning Motion Phase Manifolds,Sebastian Starke; Ian Mason; Taku Komura,2022,ACM Transactions on Graphics,10.1145/3528223.3530178,https://doi.org/10.1145/3528223.3530178,yes,yes,not_assessed,not_assessed,not_assessed,not_assessed,not_assessed,candidate-only metadata; no screening or inclusion decision; discovery_lanes=phase_manifold; open_manuscript=https://i.cs.hku.hk/~taku/deepphase.pdf
doi:10.1145/3528233.3530735,publisher record plus author manuscript,D4_FOUNDATION_CHAIN,Learning Soccer Juggling Skills with Layer-wise Mixture-of-Experts,Zhaoming Xie; Sebastian Starke; Hung Yu Ling; Michiel van de Panne,2022,ACM SIGGRAPH,10.1145/3528233.3530735,https://doi.org/10.1145/3528233.3530735,yes,yes,not_assessed,not_assessed,not_assessed,not_assessed,not_assessed,candidate-only metadata; no screening or inclusion decision; discovery_lanes=multi_skill;mixture_of_experts; open_manuscript=https://zhaomingxie.github.io/projects/SoccerJuggle/SoccerJuggle.pdf
doi:10.1145/383259.383287,publisher record plus author manuscript,D4_FOUNDATION_CHAIN,Composable Controllers for Physics-Based Character Animation,Petros Faloutsos; Michiel van de Panne; Demetri Terzopoulos,2001,ACM SIGGRAPH,10.1145/383259.383287,https://doi.org/10.1145/383259.383287,yes,yes,not_assessed,not_assessed,not_assessed,not_assessed,not_assessed,candidate-only metadata; no screening or inclusion decision; discovery_lanes=control_graph;composition; open_manuscript=https://www.dgp.toronto.edu/~pfal/papers/siggraph2001.pdf
doi:10.1145/566654.566605,publisher record plus author manuscript,D4_FOUNDATION_CHAIN,Motion Graphs,Lucas Kovar; Michael Gleicher; Frédéric Pighin,2002,ACM SIGGRAPH,10.1145/566654.566605,https://doi.org/10.1145/566654.566605,yes,yes,not_assessed,not_assessed,not_assessed,not_assessed,not_assessed,candidate-only metadata; no screening or inclusion decision; discovery_lanes=motion_graph;composition; open_manuscript=https://graphics.cs.wisc.edu/Papers/2002/KGP02/mograph.pdf
doi:10.1145/566654.566607,publisher record plus author manuscript,D4_FOUNDATION_CHAIN,Interactive Control of Avatars Animated With Human Motion Data,Jehee Lee; Jinxiang Chai; Paul S. A. Reitsma; Jessica K. Hodgins; Nancy S. Pollard,2002,ACM SIGGRAPH,10.1145/566654.566607,https://doi.org/10.1145/566654.566607,yes,yes,not_assessed,not_assessed,not_assessed,not_assessed,not_assessed,candidate-only metadata; no screening or inclusion decision; discovery_lanes=motion_graph;interactive_control; open_manuscript=https://graphics.cs.cmu.edu/projects/Avatar/avatar.pdf
