claim_id,section,claim_kind,claim_text_sha256,evidence_ids,verification_status,uncertainty,analysis_intent
C001,RESULTS.md,result,818522d3db924b0fd08ace8eda2b5868d8033ce2194ce36011e68bafa0999e2f,E001;E002,unverified,not_estimated,descriptive
C002,RESULTS.md,method,dd999db05712d0f4a389e557bbe94aaf58c4b5b8f9c20a72d04f3d044f05454f,E001;E002;E003,unverified,not_estimated,descriptive
C003,RESULTS.md,result,42144b2ea758bc7468f19e94057712c671a1c4e7a088e5d13209afe58e425771,E002;E003;E004,unverified,not_estimated,descriptive
C004,RESULTS.md,result,15b06f0a404338477cd6568028e8bd31b5968ecdf908423b216f80055c8d7b81,E004,unverified,not_estimated,exploratory
C005,RESULTS.md,result,0e57a648c6e0472b60ad6ca2c7af2d22bb6e9e6a01f11336c903a4976612e393,E003;E004,unverified,not_estimated,exploratory
C006,RESULTS.md,result,f54bd31e8ef4d8fa58f54a1f1c4d4fbab3bb14dd5126d2ac5e7301c2149c94e2,E002;E003,unverified,not_estimated,exploratory
C007,RESULTS.md,result,c7d3a5dc535d93c6ff6588732dd9edaa7982466b10b28112d0f8111492eff989,E004,unverified,not_estimated,exploratory
C008,RESULTS.md,method,cfbb340e0c2ec688ffbcb13e33064b4a2a3842530d21d4b099a6e465df1339e5,E002;E003;E005,unverified,not_estimated,descriptive
C009,RESULTS.md,method,cc86c61c35579d6c1bc7f16b205c3e7e6e9adbf22d6d01c7f8c5539fd9402a95,E006,unverified,not_estimated,descriptive
